Occupation,Education_Level,Experience_Required,Training_Required,Workers_Thousands,Growth_Rate_Pct,Annual_Openings_Thousands,Median_Annual_Wage
Accountants and auditors,6,1,1,1579.8,4.6,124.2,81680
Actuaries,6,1,4,33.6,21.8,2.4,125770
Acupuncturists,7,1,1,15.3,6.8,0.9,78140
Adhesive bonding machine operators and tenders,2,1,3,12.2,1,1.3,45210
"Administrative law judges, adjudicators, and hearing officers",8,3,2,17.5,-0.7,0.5,115230
Administrative services managers,6,2,1,271.2,4.6,23.2,108390
"Adult basic education, adult secondary education, and english as a second language instructors",6,1,1,40.9,-13.7,3.9,59950
Advertising and promotions managers,6,2,1,27,-2.2,2.1,126960
Advertising sales agents,2,1,3,103.7,-6.4,9.3,61460
Aerospace engineering and operations technologists and technicians,5,1,1,9.3,8.1,0.9,79830
Aerospace engineers,6,1,1,71.6,6.1,4.5,134830
"Agents and business managers of artists, performers, and athletes",6,2,1,21.4,8.7,2.2,96310
Agricultural engineers,6,1,1,1.7,5.9,0.1,84630
Agricultural equipment operators,1,1,3,65.2,7.7,10.5,42580
Agricultural inspectors,6,1,3,14.7,1.5,2.2,50990
"Agricultural sciences teachers, postsecondary",8,1,1,10.7,4.1,0.8,86350
Agricultural technicians,5,1,3,18.6,4.3,2.9,46790
"Agricultural workers, all other",1,1,2,10.1,2.3,1.5,40390
Air traffic controllers,5,1,4,24.1,1.2,2.2,144580
Aircraft cargo handling supervisors,2,2,1,10.3,5.2,1.1,63940
Aircraft mechanics and service technicians,4,1,1,139.4,4,11.3,78680
Aircraft service attendants,2,1,2,28,5.1,4.3,41540
"Aircraft structure, surfaces, rigging, and systems assemblers",2,1,3,33.6,-14.5,2.8,61680
Airfield operations specialists,2,1,4,16.9,4.2,1.6,56750
"Airline pilots, copilots, and flight engineers",6,2,3,100,3.9,11.7,226600
"Ambulance drivers and attendants, except emergency medical technicians",2,1,3,12.3,-1.3,1.4,34330
Amusement and recreation attendants,1,1,2,392.3,3.4,102.4,30490
Anesthesiologists,8,1,6,45.3,3.2,1.3,239200
Animal breeders,2,1,2,7.9,2.4,1.2,52000
Animal caretakers,2,1,2,392.1,12.1,74.6,33470
Animal control workers,2,1,3,12.2,3.9,1.3,45830
Animal scientists,6,1,1,2.8,5.8,0.2,79120
Animal trainers,2,1,3,47.3,5.1,7.1,38750
Anthropologists and archeologists,7,1,1,8.8,3.7,0.8,64910
"Anthropology and archeology teachers, postsecondary",8,1,1,6.5,2.7,0.5,95770
"Arbitrators, mediators, and conciliators",6,2,3,9.1,4.3,0.3,67710
"Architects, except landscape and naval",6,1,6,123.6,3.9,7.8,96690
Architectural and civil drafters,5,1,1,110.5,4.1,10,64280
Architectural and engineering managers,6,3,1,212.5,3.8,14.5,167740
"Architecture teachers, postsecondary",8,1,1,11.6,2,0.9,101480
Archivists,7,1,1,9.3,3.8,1.1,61570
"Area, ethnic, and cultural studies teachers, postsecondary",8,1,1,14.5,2.4,1.1,84290
Art directors,6,3,1,135,4.2,12.3,111040
"Art, drama, and music teachers, postsecondary",7,1,1,122.8,1.7,9,80190
"Artists and related workers, all other",1,1,4,13.9,0.8,1.2,72760
Astronomers,8,1,1,1.8,2.2,0.1,132170
Athletes and sports competitors,1,1,4,19.1,5.5,2.1,62360
Athletic trainers,7,1,1,33.9,11.1,2.4,60250
Atmospheric and space scientists,6,1,1,9.4,0.7,0.7,97450
"Atmospheric, earth, marine, and space sciences teachers, postsecondary",8,1,1,14,2.6,1,101390
Audio and video technicians,4,1,2,92.3,3.3,7.3,54830
Audiologists,8,1,1,15.8,9.5,0.7,92120
Audiovisual equipment installers and repairers,4,1,2,24.6,6.6,2.6,50620
Automotive and watercraft service attendants,1,1,2,100,-1,14.4,34850
Automotive body and related repairers,2,1,4,172.6,1.6,14.6,51680
Automotive glass installers and repairers,2,1,3,20.4,3.6,1.4,47260
Automotive service technicians and mechanics,4,1,2,805.6,4.2,70,49670
Avionics technicians,4,1,1,21.4,8.2,1.8,81390
Baggage porters and bellhops,2,1,2,32.5,-1.6,4.6,36020
Bailiffs,2,1,3,19,-2.2,1.8,57050
Bakers,1,1,3,249.1,5.6,39.9,36650
Barbers,4,1,1,76,4.1,8.4,38960
Bartenders,1,1,2,756.7,5.9,129.6,33530
Bicycle repairers,2,1,3,13.2,-2.3,1.6,40360
Bill and account collectors,2,1,3,166.9,-10.5,13.7,46040
Billing and posting clerks,2,1,3,429.8,-0.4,42.2,47170
Biochemists and biophysicists,8,1,1,35.6,5.8,2.9,103650
Bioengineers and biomedical engineers,6,1,1,22.2,5.2,1.3,106950
"Biological science teachers, postsecondary",8,1,1,66,7.3,5.4,83460
"Biological scientists, all other",6,1,1,63.7,1.2,4.8,93330
Biological technicians,6,1,1,82.7,3.5,9.1,52000
Boilermakers,2,1,5,10.4,-2.4,0.8,73340
"Bookkeeping, accounting, and auditing clerks",3,1,3,1613.4,-5.8,170,49210
Brickmasons and blockmasons,2,1,5,74.1,3.2,5.6,60800
Bridge and lock tenders,2,1,2,2.9,-3.3,0.3,58490
Broadcast announcers and radio disc jockeys,6,1,1,24.1,-5.5,2.3,45680
Broadcast technicians,5,1,2,24.8,-2.8,1.8,53920
Brokerage clerks,2,1,3,40.8,-9.5,4.1,62940
Budget analysts,6,1,1,50.4,1,3.1,87930
"Building cleaning workers, all other",1,1,2,18.1,2.5,2.6,42360
Bus and truck mechanics and diesel engine specialists,2,1,4,319.9,2.4,26.5,60640
"Bus drivers, school",2,1,2,387.3,0.2,61,47040
"Bus drivers, transit and intercity",2,1,3,158.8,4.3,20.9,57440
"Business operations specialists, all other",6,1,1,1205.7,3,108.2,81270
"Business teachers, postsecondary",8,1,1,103.1,5.7,8.1,97270
Butchers and meat cutters,1,1,4,143.1,1,16.9,38960
Buyers and purchasing agents,6,1,3,522.2,5.8,52.2,75650
Cabinetmakers and bench carpenters,2,1,3,86,-1.6,8.1,46020
Calibration technologists and technicians,5,1,1,15.8,4.7,1.4,65040
Camera and photographic equipment repairers,2,1,4,2.3,-15.1,0.2,49300
"Camera operators, television, video, and film",6,1,1,36.4,1.2,2.9,68810
"Captains, mates, and pilots of water vessels",4,2,1,40.7,0.5,4.3,85540
Cardiologists,8,1,6,19.4,4.1,0.6,239200
Cardiovascular technologists and technicians,5,1,1,64.7,3,3.8,67260
"Career/technical education teachers, middle school",6,2,1,14,-2,0.9,63620
"Career/technical education teachers, postsecondary",6,2,1,122.2,0.7,8.8,61490
"Career/technical education teachers, secondary school",6,2,1,103.4,-1.8,6.2,63910
Cargo and freight agents,2,1,2,100.6,8.5,8.8,49900
Carpenters,2,1,5,959,4.5,74.1,59310
Carpet installers,1,1,2,20.3,-9.6,1.1,49850
Cartographers and photogrammetrists,6,1,1,13.4,6.4,1,78380
Cashiers,1,1,2,3157.2,-9.9,542.6,31190
Cement masons and concrete finishers,1,1,3,206.7,1.8,14.3,54660
Chefs and head cooks,2,3,1,197.3,7.1,24.4,60990
Chemical engineers,6,1,1,21.6,2.6,1.1,121860
Chemical equipment operators and tenders,2,1,3,128.9,3.3,14.4,57090
Chemical plant and system operators,2,1,3,18.1,-6.1,1.6,73540
Chemical technicians,5,1,3,57,3.7,6.7,57790
"Chemistry teachers, postsecondary",8,1,1,25.4,2.2,1.9,86220
Chemists,6,1,1,86.8,4.9,6.3,84150
Chief executives,6,3,1,309.4,4.3,22.2,206420
"Child, family, and school social workers",6,1,1,399.9,3.4,35.1,58570
Childcare workers,2,1,2,991.6,-2.9,160.2,32050
Chiropractors,8,1,1,57.2,9.5,2.8,79000
Choreographers,2,3,4,4.6,6.1,0.7,55600
Civil engineering technologists and technicians,5,1,1,64.9,2.1,5.5,64200
Civil engineers,6,1,1,368.9,5,23.6,99590
"Claims adjusters, examiners, and investigators",2,1,4,356.1,-5.1,21.1,76790
Cleaners of vehicles and equipment,1,1,2,410.1,3.9,56.2,35270
"Cleaning, washing, and metal pickling equipment operators and tenders",2,1,3,14.6,3.6,1.6,41460
Clergy,6,1,3,262,1,23,60820
Clinical and counseling psychologists,8,1,6,76.3,11.2,4.8,95830
Clinical laboratory technologists and technicians,6,1,1,351.2,1.7,22.6,61890
Coaches and scouts,6,1,1,306.5,6.4,41.8,45920
"Coating, painting, and spraying machine setters, operators, and tenders",2,1,3,165.5,0.7,15.8,47590
"Coil winders, tapers, and finishers",2,1,3,12.2,-6.3,1.2,47260
"Coin, vending, and amusement machine servicers and repairers",2,1,2,32.5,-2.9,3.5,47350
Commercial and industrial designers,6,1,1,30.6,3.2,2.5,79450
Commercial divers,4,1,3,4.2,8.5,0.4,61130
Commercial pilots,4,1,3,55.4,5.1,6.6,122670
"Communications equipment operators, all other",2,1,2,1.4,2.5,0.1,49910
"Communications teachers, postsecondary",8,1,1,35.8,2.1,2.7,77800
"Community and social service specialists, all other",6,1,1,119.2,4.6,13.1,54940
Community health workers,2,1,2,65.1,11.3,7.8,51030
Compensation and benefits managers,6,3,1,20.9,0.2,1.5,140360
"Compensation, benefits, and job analysis specialists",6,2,1,107,5.3,8.5,77020
Compliance officers,6,1,3,418,3,33.3,78420
Computer and information research scientists,7,1,1,40.3,19.7,3.2,140910
Computer and information systems managers,6,3,1,667.1,15.2,55.6,171200
Computer hardware engineers,6,1,1,76.8,7.3,4.7,155020
Computer network architects,6,3,1,179.2,11.9,11.2,130390
Computer network support specialists,5,1,3,152.7,1.8,9.6,73340
Computer numerically controlled tool operators,2,1,3,177.1,-10.7,13.5,49970
Computer numerically controlled tool programmers,4,1,3,28.3,12.8,3.1,65670
"Computer occupations, all other",6,1,1,472,8.2,31.3,108970
Computer programmers,6,1,1,121.2,-6,5.5,98670
"Computer science teachers, postsecondary",8,1,1,44.8,5.3,3.5,96690
Computer systems analysts,6,1,1,521.1,8.7,34.2,103790
Computer user support specialists,3,1,3,729.5,-3.7,40.8,60340
"Computer, automated teller, and office machine repairers",3,1,2,79.1,-0.9,7.6,46860
Concierges,2,1,3,45.6,2.3,6.8,37320
Conservation scientists,6,1,1,28.5,3.4,2.5,67950
Construction and building inspectors,2,3,3,147.6,-0.8,14.8,72120
Construction laborers,1,1,2,1457,7.3,129.4,46730
Construction managers,6,1,3,550.3,8.7,46.8,106980
Continuous mining machine operators,1,1,3,14.9,0.6,1.6,63380
"Control and valve installers and repairers, except mechanical door",2,1,3,47.7,1.3,3.9,74690
Conveyor operators and tenders,1,1,2,29.1,-3.4,2.6,41230
"Cooks, all other",1,1,3,24,5.5,3.7,36210
"Cooks, fast food",1,1,2,669.5,-13.5,82.1,30160
"Cooks, institution and cafeteria",1,1,2,466.1,2,69.7,36450
"Cooks, private household",4,2,1,34.2,5.1,5.3,44530
"Cooks, restaurant",1,2,3,1460.2,14.9,250.7,36830
"Cooks, short order",1,1,2,151.1,-5.6,20.6,35620
Cooling and freezing equipment operators and tenders,2,1,3,7.1,7.2,0.8,40160
Correctional officers and jailers,2,1,3,387.5,-7.8,30.1,57970
Correspondence clerks,2,1,2,6.9,-5.6,0.7,46740
Cost estimators,6,1,3,221.4,-4.2,16.9,77070
Costume attendants,2,1,2,6.7,5.9,1.8,54810
"Counselors, all other",7,1,1,69.1,12.6,7.4,49830
Counter and rental clerks,1,1,2,408.2,3.2,45.9,38540
Couriers and messengers,2,1,2,247.2,8.2,27.9,38340
Court reporters and simultaneous captioners,4,1,2,17.7,-0.3,1.7,67310
"Court, municipal, and license clerks",2,1,4,180.4,3,18.5,47700
Craft artists,1,1,4,11.6,2.1,1,38480
Crane and tower operators,2,2,3,42.3,3,3.8,66370
Credit analysts,6,1,1,67.8,-4.4,3.7,80970
"Credit authorizers, checkers, and clerks",2,1,3,12,-6.2,1,49130
Credit counselors,6,1,3,31.8,3.3,2.2,50480
Crematory operators,2,1,2,3.1,3.3,0.6,42880
"Criminal justice and law enforcement teachers, postsecondary",8,1,1,16.2,2,1.2,71470
Crossing guards and flaggers,1,1,2,91.4,3.6,18,37700
"Crushing, grinding, and polishing machine setters, operators, and tenders",2,1,3,28.7,-2.5,2.7,46890
Curators,7,1,1,15.1,7,1.8,61770
Customer service representatives,2,1,2,2814,-5.5,341.7,42830
"Cutters and trimmers, hand",1,1,2,7,-18.1,0.6,38800
"Cutting and slicing machine setters, operators, and tenders",2,1,3,49,-2.3,5.3,45700
"Cutting, punching, and press machine setters, operators, and tenders, metal and plastic",2,1,3,174.7,-12.1,14.4,45590
Data entry keyers,2,1,2,141.6,-25.9,9.5,39850
Data scientists,6,1,1,245.9,33.5,23.4,112590
Database administrators,6,1,1,78,-0.7,3.8,104620
Database architects,6,2,1,66.9,8.7,4,135980
Demonstrators and product promoters,1,1,2,79.2,-0.1,14,37960
Dental assistants,4,1,1,381.9,6.4,52.9,47300
Dental hygienists,5,1,1,221.6,7,15.3,94260
Dental laboratory technicians,2,1,3,35.2,-4.7,3.9,48310
"Dentists, all other specialists",8,1,6,6.6,0.3,0.2,225770
"Dentists, general",8,1,1,129.8,4.1,3.9,172790
Dermatologists,8,1,6,10.9,6.4,0.4,239200
"Derrick operators, oil and gas",1,2,2,11.3,0.5,1,62740
"Designers, all other",6,1,1,28.6,2,2.2,66220
Desktop publishers,5,1,2,5,-12.4,0.4,53620
Detectives and criminal investigators,2,2,3,117.9,-0.7,7.8,93580
Diagnostic medical sonographers,5,1,1,90,13,5.8,89340
Dietetic technicians,5,1,1,30.9,2.5,4,37040
Dietitians and nutritionists,6,1,6,90.9,5.5,6.2,73850
Dining room and cafeteria attendants and bartender helpers,1,1,2,527.4,6.3,99.6,32670
"Directors, religious activities and education",6,2,1,138.9,2.1,13.8,54840
Dishwashers,1,1,2,477.7,0.2,76.8,33670
"Dispatchers, except police, fire, and ambulance",2,1,3,218.7,-0.9,18.5,48880
"Door-to-door sales workers, news and street vendors, and related workers",1,1,2,25.3,-10,2.7,34530
"Drafters, all other",5,1,1,17.1,-6.9,1.3,62010
Dredge operators,2,1,3,1.1,1.2,0.1,48430
"Drilling and boring machine tool setters, operators, and tenders, metal and plastic",2,1,3,5.3,-19.6,0.4,46630
Driver/sales workers,2,1,2,451.5,8.8,51.3,37130
Drywall and ceiling tile installers,1,1,3,103.1,4.2,7.7,58140
"Earth drillers, except oil and gas",2,2,4,18.3,2.9,1.7,59600
"Economics teachers, postsecondary",8,1,1,15.8,2.1,1.2,119980
Economists,7,1,1,17.6,1.2,0.9,115440
Editors,6,2,1,115.8,0.6,9.8,75260
"Education administrators, all other",6,2,1,60.2,2.5,4.1,89040
"Education administrators, kindergarten through secondary",7,3,1,333.3,-1.5,20.8,104070
"Education administrators, postsecondary",7,2,1,226.6,1.7,15.1,103960
"Education and childcare administrators, preschool and daycare",6,2,1,90.2,-2.5,5.5,56270
"Education teachers, postsecondary",8,2,1,74.9,2.1,5.6,72090
"Educational instruction and library workers, all other",6,1,1,132,1.5,12.5,48400
"Educational, guidance, and career counselors and advisors",7,1,1,376.3,3.5,31,65140
"Electric motor, power tool, and related repairers",2,2,3,17.1,3.4,1.7,53990
Electrical and electronic engineering technologists and technicians,5,1,1,93.7,0.6,8.4,77180
Electrical and electronics drafters,5,1,1,21.6,-5.6,1.7,73720
"Electrical and electronics installers and repairers, transportation equipment",4,1,4,7,6.1,0.6,82730
"Electrical and electronics repairers, commercial and industrial equipment",4,1,4,61.1,-0.8,4.7,71300
"Electrical and electronics repairers, powerhouse, substation, and relay",4,2,3,23.4,5.5,2,100940
Electrical engineers,6,1,1,192,7.2,11.7,111910
Electrical power-line installers and repairers,2,1,4,127.4,6.6,10.7,92560
"Electrical, electronic, and electromechanical assemblers, except coil winders, tapers, and finishers",2,1,3,261.4,4.6,29.6,44040
Electricians,2,1,5,818.7,9.5,81,62350
Electro-mechanical and mechatronics technologists and technicians,5,1,1,15,1.1,1.3,70760
"Electronic equipment installers and repairers, motor vehicles",2,1,3,10.3,-13.6,0.6,47940
"Electronics engineers, except computer",6,1,1,95.9,6.2,5.7,127590
"Elementary school teachers, except special education",6,1,1,1422.7,-2,91,62340
Elevator and escalator installers and repairers,2,1,5,24.2,5,2,106580
"Eligibility interviewers, government programs",2,1,3,166.8,1,14,51500
Embalmers,5,1,4,3.6,1.3,0.6,56280
Emergency management directors,6,3,1,13.2,3,1,86130
Emergency medical technicians,4,1,1,181,5.1,14.1,41340
Emergency medicine physicians,8,1,6,36.1,2.7,1,239200
Engine and other machine assemblers,2,1,3,38.4,-21.1,2.8,52540
"Engineering teachers, postsecondary",8,1,1,50.3,8.1,4.1,106120
"Engineering technologists and technicians, except drafters, all other",5,1,1,67.3,1.5,5.7,77390
"Engineers, all other",6,1,1,158.8,2.1,9.3,117750
"English language and literature teachers, postsecondary",8,1,1,72.2,0,5.1,78270
"Entertainment and recreation managers, except gambling",6,2,1,43.2,7.7,5.5,77180
"Entertainment attendants and related workers, all other",2,1,2,8.5,3.6,2.2,34550
Environmental engineering technologists and technicians,5,1,1,12.9,1.2,1.1,58890
Environmental engineers,6,1,1,39.4,3.9,3,104170
"Environmental science and protection technicians, including health",5,1,1,40.4,4,5.6,49490
"Environmental science teachers, postsecondary",8,1,1,9,2.9,0.7,87710
"Environmental scientists and specialists, including health",6,1,1,90.3,4.4,8.5,80060
Epidemiologists,7,1,1,12.3,16.2,0.8,83980
Etchers and engravers,2,1,3,8.6,-0.7,0.9,40450
"Excavating and loading machine and dragline operators, surface mining",2,2,3,35.8,-0.4,3.1,52550
Executive secretaries and executive administrative assistants,2,2,1,502.8,-1.6,50,74260
Exercise physiologists,6,1,1,23.9,9.5,1.7,58160
Exercise trainers and group fitness instructors,2,1,2,370.1,11.9,74.2,46180
"Explosives workers, ordnance handling experts, and blasters",2,2,4,5.8,-0.9,0.5,59110
"Extraction workers, all other",2,1,3,6.3,1.4,0.7,50110
"Extruding and drawing machine setters, operators, and tenders, metal and plastic",2,1,3,66,1.2,6.5,46980
"Extruding and forming machine setters, operators, and tenders, synthetic and glass fibers",2,1,3,15.2,-1.1,2,44980
"Extruding, forming, pressing, and compacting machine setters, operators, and tenders",2,1,3,57.3,2,5.2,45130
Fabric and apparel patternmakers,2,1,3,2.8,-10.2,0.3,67670
Facilities managers,6,2,1,151.4,3.8,13.2,104690
Fallers,2,1,3,5.6,-7.3,0.7,53900
"Family and consumer sciences teachers, postsecondary",8,1,1,3.2,3.4,0.2,77280
Family medicine physicians,8,1,6,116,2.7,3.3,238380
Farm and home management educators,7,1,1,12.4,-2.5,1.1,58120
Farm equipment mechanics and service technicians,2,1,4,39,11,3.7,52080
Farm labor contractors,1,2,2,3.9,6,0.3,48690
"Farmers, ranchers, and other agricultural managers",2,3,1,836.1,-1.3,85.5,87980
"Farmworkers and laborers, crop, nursery, and greenhouse",1,1,2,504.8,-3.3,71.7,35690
"Farmworkers, farm, ranch, and aquacultural animals",1,1,2,224.6,-5,31.2,36150
Fashion designers,6,1,1,25.7,2,2.3,80690
Fast food and counter workers,1,1,2,3796,6.1,904.3,30480
Fence erectors,1,1,3,26.4,4.6,2.3,46940
Fiberglass laminators and fabricators,2,1,3,18.6,4.2,2.1,45760
File clerks,2,1,2,84.3,-15.9,7.3,41270
Film and video editors,6,1,1,43.5,4,3.6,70980
Financial and investment analysts,6,1,1,368.5,5.7,25.1,101350
"Financial clerks, all other",2,1,2,38.9,1.4,4,52150
Financial examiners,6,1,4,65.1,18.5,5.7,90400
Financial managers,6,3,1,868.6,14.8,74.6,161700
Financial risk specialists,6,1,1,60.5,6.5,4.8,106000
"Financial specialists, all other",6,1,1,137.1,3.1,10.3,80190
"Fine artists, including painters, sculptors, and illustrators",6,1,4,26.5,-1.2,2.2,60560
Fire inspectors and investigators,4,3,3,14.7,3.8,1.5,78060
Firefighters,4,1,4,344.9,3.4,27.1,59530
First-line supervisors of construction trades and extraction workers,2,3,1,921.6,5.3,74.4,78690
First-line supervisors of correctional officers,2,2,1,57.1,-2.8,4.3,76310
"First-line supervisors of entertainment and recreation workers, except gambling services",2,2,1,123.3,6.3,13.4,46900
"First-line supervisors of farming, fishing, and forestry workers",2,2,1,65.4,2.5,8.5,59330
First-line supervisors of firefighting and prevention workers,4,2,3,97.2,3.4,6.5,92430
First-line supervisors of food preparation and serving workers,2,2,1,1215,6,183.9,42010
First-line supervisors of gambling services workers,2,2,1,32.5,2,3.3,61590
First-line supervisors of housekeeping and janitorial workers,2,2,1,269.8,2.5,33,47520
"First-line supervisors of landscaping, lawn service, and groundskeeping workers",2,2,1,224.7,2.3,23.2,56170
"First-line supervisors of mechanics, installers, and repairers",2,2,1,617.5,3.1,52.4,78300
First-line supervisors of non-retail sales workers,2,2,1,320,0,24.8,84130
First-line supervisors of office and administrative support workers,2,2,1,1558.4,-0.3,144.5,66140
First-line supervisors of personal service workers,2,2,1,149.1,6.7,16.3,47080
First-line supervisors of police and detectives,2,2,3,160.8,2.9,10.9,105980
First-line supervisors of production and operating workers,2,2,1,698.6,1.2,67.7,71190
"First-line supervisors of protective service workers, all other",2,2,1,21.5,1.6,2.1,74960
First-line supervisors of retail sales workers,2,2,1,1432.6,-5,125.1,47320
First-line supervisors of security workers,2,2,1,71.9,2.7,7,58610
"First-line supervisors of transportation and material moving workers, except aircraft cargo handling supervisors",2,2,1,609.6,3.7,61.3,61890
Fish and game wardens,6,1,3,7,-6,0.5,68180
Flight attendants,2,2,3,130.8,9.2,19.8,67130
"Floor layers, except carpet, wood, and hard tiles",1,1,3,33.7,9.5,2.7,54340
Floor sanders and finishers,1,1,3,5.6,2.6,0.4,49150
Floral designers,2,1,3,43.8,-5.9,5.1,36120
"Food and tobacco roasting, baking, and drying machine operators and tenders",1,1,3,20.7,0.6,2.4,42730
Food batchmakers,2,1,3,173.5,6.9,24.2,40790
Food cooking machine operators and tenders,2,1,3,29.7,0.6,4.4,40550
"Food preparation and serving related workers, all other",1,1,2,90.5,6.4,14.6,34830
Food preparation workers,1,1,2,902.7,-3.4,148,34220
"Food processing workers, all other",1,1,3,58.7,5.3,6.5,38420
Food science technicians,5,1,3,20.4,4.8,3.2,49430
Food scientists and technologists,6,1,1,15.2,6.5,1.2,85310
"Food servers, nonrestaurant",1,1,2,277.2,3,48,34460
Food service managers,2,2,2,352.8,6.4,42,65310
"Foreign language and literature teachers, postsecondary",8,1,1,26.4,-0.2,1.9,77010
Forensic science technicians,6,1,3,20.7,12.8,2.9,67440
Forest and conservation technicians,5,1,1,33.8,-3.2,3.9,54310
Forest and conservation workers,2,1,3,10.8,-4.7,2,43680
Forest fire inspectors and prevention specialists,2,2,3,2.9,14.6,0.3,52380
Foresters,6,1,1,13.8,1.2,1.1,70660
"Forestry and conservation science teachers, postsecondary",8,1,1,1.6,4,0.1,100830
"Forging machine setters, operators, and tenders, metal and plastic",2,1,3,8.8,-18.9,0.6,49240
Foundry mold and coremakers,2,1,3,12.7,-25.9,0.9,45700
Fundraisers,6,1,1,134.4,4.3,10.2,66490
Fundraising managers,6,3,1,45.7,4.2,3.6,123480
Funeral attendants,2,1,2,32.5,3.1,5.7,34610
Funeral home managers,5,2,1,32.1,4.1,2.6,76830
"Furnace, kiln, oven, drier, and kettle operators and tenders",2,1,3,16.5,3,1.9,47010
Furniture finishers,2,1,2,20.5,-3.3,2,42530
Gambling and sports book writers and runners,2,1,2,8.2,-6.1,1.2,30460
Gambling cage workers,2,1,2,14.1,-5,1.3,36990
Gambling change persons and booth cashiers,1,1,2,22.6,-6.4,4,34810
Gambling dealers,2,1,2,88.7,-0.6,14.1,33280
Gambling managers,2,2,1,5.1,1.2,0.6,85580
"Gambling service workers, all other",2,1,2,16.1,-0.6,2.6,34530
Gambling surveillance officers and gambling investigators,2,2,3,10.3,0.3,1.3,43900
Gas compressor and gas pumping station operators,2,1,3,5.4,-1.3,0.6,71510
Gas plant operators,2,1,4,16.2,-8.8,1.3,83400
General and operations managers,6,3,1,3712.9,4.4,308.7,102950
General internal medicine physicians,8,1,6,73.2,3.3,2.1,236350
Genetic counselors,7,1,1,4,9.3,0.3,98910
Geographers,6,1,1,1.5,-3.1,0.1,97200
"Geography teachers, postsecondary",8,1,1,4,3.3,0.3,86730
"Geological technicians, except hydrologic technicians",5,1,3,9.8,1.5,1.3,48390
"Geoscientists, except hydrologists and geographers",6,1,1,25.1,3.2,2,99240
Glaziers,2,1,5,60.5,3.3,5.1,55440
"Graders and sorters, agricultural products",1,1,2,38.9,-5.4,5.1,35430
Graphic designers,6,1,1,265.9,2.1,20,61300
"Grinding and polishing workers, hand",1,1,3,11.8,-21.2,0.8,41690
"Grinding, lapping, polishing, and buffing machine tool setters, operators, and tenders, metal and plastic",2,1,3,70.1,-12,5.5,45190
"Grounds maintenance workers, all other",1,1,2,14.1,2.4,1.9,43410
"Hairdressers, hairstylists, and cosmetologists",4,1,1,575.2,5.6,75.8,35250
Hazardous materials removal workers,2,1,3,51.3,1,5,48490
"Health and safety engineers, except mining safety engineers and inspectors",6,1,1,23.8,4.4,1.5,109660
Health education specialists,6,1,1,71.8,4.5,7.9,63000
Health information technologists and medical registrars,5,1,1,41.9,14.7,3.2,67310
"Health specialties teachers, postsecondary",8,2,1,289.6,17.3,27.4,105620
"Health technologists and technicians, all other",4,1,1,178.8,5.2,13.6,48790
"Healthcare diagnosing or treating practitioners, all other",7,1,1,41.3,2,2.4,113730
"Healthcare practitioners and technical workers, all other",4,1,1,41.7,3.6,2.6,64030
Healthcare social workers,7,1,6,193.2,7.7,18.4,68090
"Healthcare support workers, all other",2,1,1,109.7,3.5,14.4,46050
Hearing aid specialists,2,1,3,10.7,18.4,1,61560
"Heat treating equipment setters, operators, and tenders, metal and plastic",2,1,3,14.8,-12.8,1.2,47450
"Heating, air conditioning, and refrigeration mechanics and installers",4,1,4,425.2,8.1,40.1,59810
Heavy and tractor-trailer truck drivers,4,1,2,2235.1,4,237.6,57440
"Helpers, construction trades, all other",1,1,2,26.3,4.4,2.8,40760
"Helpers--brickmasons, blockmasons, stonemasons, and tile and marble setters",1,1,2,16.1,-10.5,1.4,46480
Helpers--carpenters,1,1,2,25.2,4.5,2.7,41600
Helpers--electricians,2,1,2,66.6,0.2,6.8,39890
Helpers--extraction workers,2,1,3,7,-1.7,0.7,48400
"Helpers--installation, maintenance, and repair workers",2,1,2,98.7,2.3,11.8,38860
"Helpers--painters, paperhangers, plasterers, and stucco masons",1,1,2,7.4,2.3,0.8,38140
"Helpers--pipelayers, plumbers, pipefitters, and steamfitters",2,1,2,45.3,4.9,4.9,39270
Helpers--production workers,2,1,2,168.5,-8.9,23.6,38220
Helpers--roofers,1,1,2,5.2,5.7,0.6,40590
Highway maintenance workers,2,1,3,159.1,3,12.3,49070
Historians,7,1,1,3.4,2.2,0.3,74050
"History teachers, postsecondary",8,1,1,24.6,-0.2,1.7,81500
Hoist and winch operators,1,1,2,2.7,-1.1,0.3,52310
Home appliance repairers,2,1,3,37.3,2.6,3.1,49410
Home health and personal care aides,2,1,2,4347.7,17,765.8,34900
"Hosts and hostesses, restaurant, lounge, and coffee shop",1,1,2,429.9,-1.5,107.7,30380
"Hotel, motel, and resort desk clerks",2,1,2,264.2,3.7,43.6,34270
"Human resources assistants, except payroll and timekeeping",5,1,1,95.2,-7.1,9,49440
Human resources managers,6,3,1,221.9,5,17.9,140030
Human resources specialists,6,1,1,944.3,6.2,81.8,72910
Hydrologic technicians,5,1,3,3.1,-2.1,0.4,58570
Hydrologists,6,1,1,6.3,-0.1,0.5,92060
Industrial engineering technologists and technicians,5,1,1,74.6,1.7,6.3,64790
Industrial engineers,6,1,1,351.1,11,25.2,101140
Industrial machinery mechanics,2,1,4,439.6,16.1,45.7,63760
Industrial production managers,6,3,1,241.9,1.9,17.1,121440
Industrial truck and tractor operators,1,1,2,792.5,1.1,76.4,46390
Industrial-organizational psychologists,7,1,6,5.6,6.3,0.4,109840
"Information and record clerks, all other",2,1,2,153.3,-0.2,17.8,48360
Information security analysts,6,2,1,182.8,28.5,16,124910
"Inspectors, testers, sorters, samplers, and weighers",2,1,3,598,0,69.9,47460
"Installation, maintenance, and repair workers, all other",2,1,3,221.2,2.4,21.5,48640
Instructional coordinators,7,3,1,232.6,1.3,21.9,74720
"Insulation workers, floor, ceiling, and wall",1,1,2,40.2,3.8,3.4,48680
"Insulation workers, mechanical",2,1,5,27.2,4.7,2.3,57250
"Insurance appraisers, auto damage",4,1,3,9.2,-8.2,0.5,76650
Insurance claims and policy processing clerks,2,1,3,256.7,-3.7,20.3,48450
Insurance sales agents,2,1,3,568.8,3.7,47,60370
Insurance underwriters,6,1,3,127,-2.6,8.2,79880
Interior designers,6,1,1,87.1,3.2,7.8,63490
Interpreters and translators,6,1,1,75.3,1.7,6.9,59440
"Interviewers, except eligibility and loan",2,1,2,164.3,-11.6,15.8,43830
"Janitors and cleaners, except maids and housekeeping cleaners",1,1,2,2447.7,2,351.3,35930
Jewelers and precious stone and metal workers,2,1,4,35.1,-5.5,4,49140
"Judges, magistrate judges, and magistrates",8,3,2,27.3,2.5,0.9,156210
Judicial law clerks,8,1,1,14.5,2.5,1,60400
"Kindergarten teachers, except special education",6,1,1,117.2,-1.6,12.8,61430
Labor relations specialists,6,2,1,65.4,-0.1,5.1,93500
"Laborers and freight, stock, and material movers, hand",1,1,2,2988.9,1.5,384.3,38940
Landscape architects,6,1,6,21.8,3.5,1.7,79660
Landscaping and groundskeeping workers,1,1,2,1192.5,3.6,158.2,38090
"Lathe and turning machine tool setters, operators, and tenders, metal and plastic",2,1,3,18.9,-13.6,1.5,48620
Laundry and dry-cleaning workers,1,1,2,202.6,5.4,31.9,33800
"Law teachers, postsecondary",8,2,1,29.5,2.2,2.2,126650
Lawyers,8,1,1,864.8,4.1,31.5,151160
"Layout workers, metal and plastic",2,1,3,5.7,-5.4,0.5,61870
Legal secretaries and administrative assistants,2,1,3,156.3,-5.8,19.6,54140
"Legal support workers, all other",5,1,1,51.3,-1.2,4.7,68760
Legislators,6,2,1,27.7,3.4,2.2,44810
Librarians and media collections specialists,7,1,1,142.1,1.7,13.5,64320
"Library assistants, clerical",2,1,2,84.5,-6.7,12.8,36010
"Library science teachers, postsecondary",8,1,1,5.1,3,0.4,78630
Library technicians,4,1,1,78.6,-6.8,13,39970
Licensed practical and licensed vocational nurses,4,1,1,651.4,2.6,54.4,62340
"Life scientists, all other",6,1,1,7.8,3.7,0.4,87800
"Life, physical, and social science technicians, all other",5,1,1,83.2,3.5,10.6,60130
"Lifeguards, ski patrol, and other recreational protective service workers",1,1,2,149.7,5.8,42.7,33720
Light truck drivers,2,1,2,1079.8,7.3,120.2,44140
Lighting technicians,4,1,2,12.1,-4.6,0.8,60560
"Loading and moving machine operators, underground mining",1,1,2,6.4,-22.3,0.5,68860
Loan interviewers and clerks,2,1,2,177.6,-2.3,13.3,48950
Loan officers,6,2,3,301.4,1.7,20.3,74180
"Locker room, coatroom, and dressing room attendants",2,1,2,15.6,6.4,4.2,34800
Locksmiths and safe repairers,2,1,4,18.8,-8.3,1.7,50490
Locomotive engineers,2,2,3,27,0.7,2.2,77400
Lodging managers,2,2,1,52,3.4,5.4,68130
Log graders and scalers,2,1,3,4.6,-0.7,0.6,46710
Logging equipment operators,2,1,3,30.9,-1.4,4.2,49210
"Logging workers, all other",2,1,3,3.1,-4.7,0.4,52000
Logisticians,6,1,1,241,16.7,26.4,80880
Machine feeders and offbearers,1,1,2,46.5,-13,4.7,39700
Machinists,2,1,4,299.5,0,29.5,56150
Magnetic resonance imaging technologists,5,2,1,44.1,7.1,2.6,88180
Maids and housekeeping cleaners,1,1,2,1356.8,0.4,193.5,34660
"Mail clerks and mail machine operators, except postal service",2,1,2,67.4,-6.6,6.9,38150
"Maintenance and repair workers, general",2,1,3,1629.7,3.8,159.8,48620
"Maintenance workers, machinery",2,1,4,57.5,-2.8,4.8,60500
"Makeup artists, theatrical and performance",4,1,1,7,8.1,1.1,50280
Management analysts,6,2,1,1075.1,8.8,98.1,101190
"Managers, all other",6,2,1,1333.7,4.5,106.7,136550
Manicurists and pedicurists,4,1,1,210.1,7,24.8,34660
Manufactured building and mobile home installers,2,1,2,3.1,5.9,0.3,41080
Marine engineers and naval architects,6,1,1,8.5,5.8,0.6,105670
Market research analysts and marketing specialists,6,1,1,941.7,6.7,87.2,76950
Marketing managers,6,3,1,407,6.6,34.3,161030
Marriage and family therapists,7,1,6,77.8,12.6,7.7,63780
Massage therapists,4,1,1,168,15.4,24.7,57950
"Material moving workers, all other",1,1,2,27.7,4.3,3.1,41690
Materials engineers,6,1,1,23,5.7,1.5,108310
Materials scientists,6,1,1,8.7,4.9,0.6,104160
"Mathematical science occupations, all other",6,1,1,5,4,0.3,71490
"Mathematical science teachers, postsecondary",8,1,1,58.9,2.3,4.4,79350
Mathematicians,7,1,1,2.4,-0.7,0.1,121680
"Meat, poultry, and fish cutters and trimmers",1,1,2,146.8,5.5,18.4,37700
Mechanical door repairers,2,1,3,28.4,11.4,2.7,51050
Mechanical drafters,5,1,1,42.9,-6.5,3.3,68510
Mechanical engineering technologists and technicians,5,1,1,38.3,0,3.2,68730
Mechanical engineers,6,1,1,293.1,9.1,18.1,102320
"Media and communication equipment workers, all other",2,1,2,15.1,0.6,1.1,67190
"Media and communication workers, all other",2,1,2,34.3,2.7,3,71770
Medical and health services managers,6,2,1,616.2,23.2,62.1,117960
Medical appliance technicians,2,1,3,12,3.7,1.5,47060
Medical assistants,4,1,1,811,12.5,112.3,44200
Medical dosimetrists,6,1,1,4.8,3.5,0.2,138110
Medical equipment preparers,2,1,3,76.5,10,10.9,46490
Medical equipment repairers,5,1,3,68,12.9,7.3,62630
Medical records specialists,4,1,1,194.8,7.1,14.2,50250
"Medical scientists, except epidemiologists",8,1,1,165.3,8.7,9.6,100590
Medical secretaries and administrative assistants,2,1,3,850,4.2,85.9,44640
Medical transcriptionists,4,1,1,43.9,-4.9,7.4,37550
"Meeting, convention, and event planners",6,1,1,155.8,4.8,15.5,59440
Mental health and substance abuse social workers,7,1,6,136.8,9.7,13.5,60060
Merchandise displayers and window trimmers,2,1,2,193,3.2,20.8,37350
"Metal workers and plastic workers, all other",2,1,3,20.4,-9.5,1.7,42750
Metal-refining furnace operators and tenders,2,1,3,20.8,-2.3,2,55770
"Meter readers, utilities",2,1,2,20.1,-12,1.3,49180
Microbiologists,6,1,1,20.7,4.1,1.7,87330
"Middle school teachers, except special and career/technical education",6,1,1,633.7,-2,40.5,62970
"Milling and planing machine setters, operators, and tenders, metal and plastic",2,1,3,13.8,-14.4,1.1,48310
Millwrights,2,1,5,41.3,0,3.6,65170
"Mining and geological engineers, including mining safety engineers",6,1,1,7,0.7,0.4,101020
Miscellaneous assemblers and fabricators,2,1,3,1467.1,-0.1,156.3,42210
Miscellaneous construction and related workers,2,1,3,35,3.5,3.1,48120
"Mixing and blending machine setters, operators, and tenders",2,1,3,101.1,-6.8,8.8,47680
"Mobile heavy equipment mechanics, except engines",2,1,4,188.7,5.8,16.5,63980
"Model makers, metal and plastic",2,1,3,3.2,-18.2,0.3,62700
"Model makers, wood",2,1,3,0.9,-4.5,0.1,51850
Models,1,1,1,6.7,-0.5,1.2,89990
"Molders, shapers, and casters, except metal and plastic",2,1,4,41.7,6.2,5.5,45690
"Molding, coremaking, and casting machine setters, operators, and tenders, metal and plastic",2,1,3,154.6,-3.8,15.9,41230
"Morticians, undertakers, and funeral arrangers",5,1,4,27.5,3.1,3.2,49800
Motion picture projectionists,1,1,2,2,-3.7,0.5,38180
"Motor vehicle operators, all other",1,1,2,79.3,6,11.1,36260
Motorboat mechanics and service technicians,2,1,4,26.2,6,2.6,54950
Motorboat operators,4,2,1,2.7,1.4,0.3,51880
Motorcycle mechanics,4,1,2,14.9,5.3,1.5,47200
"Multiple machine tool setters, operators, and tenders, metal and plastic",2,1,3,131,-0.5,12.8,46060
Museum technicians and conservators,6,1,1,15.7,5.4,1.9,47460
Music directors and composers,6,2,1,47.3,-0.3,4.3,63670
Musical instrument repairers and tuners,2,1,5,6.2,1.4,0.6,45320
Natural sciences managers,6,3,1,104.3,3.7,8.5,161180
Network and computer systems administrators,6,1,1,331.5,-4.2,14.3,96800
Neurologists,8,1,6,8.3,5.4,0.3,239200
New accounts clerks,2,1,3,38.9,-13.2,2.3,46610
"News analysts, reporters, and journalists",6,1,1,49.3,-3.9,4.1,60280
Nuclear engineers,6,1,1,15.4,-1.1,0.8,127520
Nuclear medicine technologists,5,1,1,20,3,0.9,97020
Nuclear power reactor operators,2,1,4,5.7,-15.3,0.4,122610
Nuclear technicians,5,1,3,6,-7.7,0.7,104240
Nurse anesthetists,7,1,1,53.8,8.6,2.7,223210
Nurse midwives,7,1,1,8.6,11.1,0.5,128790
Nurse practitioners,7,1,1,320.4,40.1,29.5,129210
Nursing assistants,4,1,1,1441.5,2.3,204.1,39530
"Nursing instructors and teachers, postsecondary",8,2,1,91.6,16.8,8.6,79940
Obstetricians and gynecologists,8,1,6,21.5,1.2,0.6,239200
Occupational health and safety specialists,6,1,1,131.9,12.5,14.9,83910
Occupational health and safety technicians,2,1,3,31.9,8.5,3.4,58440
Occupational therapists,7,1,1,160,13.8,10.2,98340
Occupational therapy aides,2,1,2,5.2,2.5,0.6,37370
Occupational therapy assistants,5,1,1,49.2,19.2,7.2,68340
"Office and administrative support workers, all other",2,1,2,232.9,-7.8,21.3,46040
"Office clerks, general",2,1,2,2646,-6.7,282.4,43630
"Office machine operators, except computer",2,1,2,25.5,-15.2,2.8,39020
Operating engineers and other construction equipment operators,2,1,3,489.3,3.6,41.9,58710
Operations research analysts,6,1,1,112.1,21.5,9.6,91290
Ophthalmic laboratory technicians,2,1,3,19.6,2.3,2.4,38420
Ophthalmic medical technicians,4,1,1,78.8,19.8,12.5,44080
"Ophthalmologists, except pediatric",8,1,6,12.5,4.3,0.3,239200
"Opticians, dispensing",2,1,4,79.9,2.9,6.8,46560
Optometrists,8,1,1,47.8,8,2.4,134830
Oral and maxillofacial surgeons,8,1,6,6.1,4.1,0.2,239200
Order clerks,3,1,2,89.5,-17.2,8,44660
Orderlies,2,1,2,54,3.3,7.8,37700
Orthodontists,8,1,6,5.9,4.4,0.2,239200
"Orthopedic surgeons, except pediatric",8,1,6,14.7,4.1,0.4,239200
Orthotists and prosthetists,7,1,6,10.1,13.3,0.9,78310
Outdoor power equipment and other small engine mechanics,2,1,3,36.9,2.5,3.5,46560
Packaging and filling machine operators and tenders,2,1,3,381.2,4.5,45.3,40900
"Packers and packagers, hand",1,1,2,591.8,-5.4,74,35580
"Painters, construction and maintenance",1,1,3,342.2,3.8,28.1,48660
"Painting, coating, and decorating workers",1,1,3,8.8,1.4,0.8,40860
"Paper goods machine setters, operators, and tenders",2,1,3,97.5,-6.3,8.1,49390
Paperhangers,1,1,4,2.3,5.3,0.2,48260
Paralegals and legal assistants,5,1,1,376.2,0.2,39.3,61010
Paramedics,4,2,1,101.9,5,4.9,58410
Parking attendants,1,1,2,135.7,3,18.5,34600
Parking enforcement workers,2,1,2,8.4,-1.5,0.7,47150
Parts salespersons,1,1,3,272.1,3.1,30.2,37440
Passenger attendants,2,1,2,25.6,4.7,4.1,37560
"Patternmakers, metal and plastic",2,1,3,1.6,-24.4,0.1,54540
"Patternmakers, wood",2,1,3,0.5,-5,0,52520
"Paving, surfacing, and tamping equipment operators",2,1,3,47,3.2,4,51650
Payroll and timekeeping clerks,2,1,3,161.1,-16.7,13,55290
Pediatric surgeons,8,1,6,1.1,1.5,0,239200
"Pediatricians, general",8,1,6,46.4,0.8,1.2,210130
"Personal care and service workers, all other",2,1,2,94.4,6.4,16.1,37900
Personal financial advisors,6,1,4,326,9.6,24.1,102140
"Personal service managers, all other",2,2,1,25.1,6.5,2.1,61340
Pest control workers,2,1,3,102.4,4.9,13.4,44730
"Pesticide handlers, sprayers, and applicators, vegetation",2,1,3,29.6,3.8,4.1,45200
Petroleum engineers,6,1,1,19.6,1.3,1.2,141280
"Petroleum pump system operators, refinery operators, and gaugers",2,1,3,34.9,-2.8,3.2,97540
Pharmacists,8,1,1,335.1,4.6,14.2,137480
Pharmacy aides,2,1,2,41.1,-0.1,6.1,37000
Pharmacy technicians,2,1,3,490.4,6.4,49,43460
"Philosophy and religion teachers, postsecondary",8,1,1,27.3,0.7,2,78050
Phlebotomists,4,1,1,139.7,5.6,18.4,43660
Photographers,2,1,3,151.2,1.8,12.7,42520
Photographic process workers and processing machine operators,2,1,2,11.2,-2.6,1.5,40100
"Physical scientists, all other",6,1,1,31.9,0.6,2,117960
Physical therapist aides,2,1,2,45.6,2.8,6.6,34520
Physical therapist assistants,5,1,1,111.5,22,19.8,65510
Physical therapists,8,1,1,267.2,10.9,13.2,101020
Physician assistants,7,1,1,162.7,20.4,12,133260
"Physicians, all other",8,1,6,340.7,2.5,9.6,239200
"Physicians, pathologists",8,1,6,12.6,4.2,0.4,239200
Physicists,8,1,1,24.6,4,1.7,166290
"Physics teachers, postsecondary",8,1,1,17.1,2.5,1.3,97360
Pile driver operators,2,1,3,3.2,4.3,0.3,70510
Pipelayers,1,1,2,34.4,-4.1,2.4,48710
"Plant and system operators, all other",2,1,3,16.3,1.6,1.6,61710
Plasterers and stucco masons,1,1,4,24.2,4.1,1.9,56020
"Plating machine setters, operators, and tenders, metal and plastic",2,1,3,31.7,-13.6,2.5,41600
"Plumbers, pipefitters, and steamfitters",2,1,5,504.5,4.5,44,62970
Podiatrists,8,1,6,9.7,1.8,0.3,152800
Police and sheriff's patrol officers,2,1,3,698.8,3.1,53.7,76290
"Political science teachers, postsecondary",8,1,1,21.8,2,1.6,94680
Political scientists,7,1,1,6.5,-3.1,0.5,139380
Postal service clerks,1,1,2,74.2,-3.5,6.1,61630
Postal service mail carriers,1,1,2,319.4,-3.5,20.6,57490
"Postal service mail sorters, processors, and processing machine operators",1,1,2,106.4,-8.4,7.8,56530
Postmasters and mail superintendents,2,2,3,13.1,-3.5,0.9,92730
"Postsecondary teachers, all other",8,1,1,183.4,1.8,13.5,78490
"Pourers and casters, metal",2,1,3,5.9,-4.7,0.6,48940
Power distributors and dispatchers,2,1,4,9.3,-3.2,0.8,107240
Power plant operators,2,1,4,31.6,-11.2,2.5,99670
"Precision instrument and equipment repairers, all other",2,1,4,10.8,2,1,67080
Prepress technicians and workers,4,1,1,26.2,-14.6,2.8,47300
"Preschool teachers, except special education",5,1,1,555.1,4.1,65.5,37120
"Pressers, textile, garment, and related materials",1,1,2,28.4,-13.5,2.8,33880
Print binding and finishing workers,2,1,3,35.8,-16.1,2.8,39820
Printing press operators,2,1,3,150.2,-8.1,13.7,45160
Private detectives and investigators,2,2,3,43.6,6,3.9,52370
Probation officers and correctional treatment specialists,6,1,3,92.3,2.6,7.9,64520
Procurement clerks,2,1,3,61.9,-8.7,4.6,48510
Producers and directors,6,2,1,167,4.9,12.8,83480
"Production workers, all other",2,1,3,292.8,0.5,31.6,38820
"Production, planning, and expediting clerks",2,1,3,388.8,-1.8,34.1,57770
Project management specialists,6,1,1,1046.3,5.6,78.2,100750
Proofreaders and copy markers,6,1,1,12,-0.6,1.9,49210
Property appraisers and assessors,6,1,4,77.3,3.8,6.3,65420
"Property, real estate, and community association managers",2,2,2,466.1,3.6,39,66700
Prosthodontists,8,1,6,0.9,4.5,0,239200
"Protective service workers, all other",2,1,2,84,2.5,23.3,41600
Psychiatric aides,2,1,2,38.5,-0.4,5.3,41590
Psychiatric technicians,4,2,2,144.5,20,15.9,42590
Psychiatrists,8,1,6,27.1,6.1,0.9,239200
"Psychologists, all other",7,1,6,55.3,4.3,3.9,117580
"Psychology teachers, postsecondary",8,1,1,52.5,3.6,4,80330
Public relations managers,6,3,1,83.2,5,6.6,138520
Public relations specialists,6,1,1,315.9,4.8,27.6,69780
Public safety telecommunicators,2,1,3,105.2,3.5,10.7,50730
"Pump operators, except wellhead pumpers",2,1,3,13.1,2.6,1.5,60020
Purchasing managers,6,3,1,83.5,3.1,6.4,139510
Radiation therapists,5,1,1,19.2,1.9,0.9,101990
"Radio, cellular, and tower equipment installers and repairers",5,1,3,11.7,8.6,1.2,64190
Radiologic technologists and technicians,5,1,1,228,4.3,12.9,77660
Radiologists,8,1,6,28.2,2.7,0.8,239200
Rail car repairers,2,1,4,17.9,2.8,1.5,65680
"Rail transportation workers, all other",2,1,3,1.6,3.9,0.2,49330
"Rail yard engineers, dinkey operators, and hostlers",2,1,3,3.1,0.3,0.2,58030
Rail-track laying and maintenance equipment operators,2,1,3,15,1.6,1.1,67370
"Railroad brake, signal, and switch operators and locomotive firers",2,1,3,11,1,1,65480
Railroad conductors and yardmasters,2,1,3,36.8,1.1,3.1,74080
Real estate brokers,2,2,1,111.3,3.3,9.7,72280
Real estate sales agents,2,1,3,420.9,3.1,36.6,56320
Receptionists and information clerks,2,1,2,1007.2,0,128.5,37230
"Recreation and fitness studies teachers, postsecondary",8,1,1,15.4,2.4,1.1,75890
Recreation workers,2,1,2,327.7,4.1,68.1,35380
Recreational therapists,6,1,1,16.1,3.3,1.3,60280
Recreational vehicle service technicians,2,1,4,19.5,11.5,2.8,50540
"Refractory materials repairers, except brickmasons",2,1,3,1.1,-16.9,0.1,58540
Refuse and recyclable material collectors,1,1,2,147.9,0.9,16.9,48350
Registered nurses,6,1,1,3391,4.9,189.1,93600
Rehabilitation counselors,7,1,1,91.9,1.4,10,46110
Reinforcing iron and rebar workers,2,1,5,19.4,4.6,1.5,59280
"Religious workers, all other",6,1,1,88.4,0.6,11.1,45120
Reservation and transportation ticket agents and travel clerks,2,1,2,131.9,2.8,14.4,41460
Residential advisors,2,1,2,91.2,3.8,17.4,39180
Respiratory therapists,5,1,1,139.6,12.1,8.8,80450
Retail salespersons,1,1,2,3936.7,-0.5,555.8,34580
Riggers,2,1,3,24.6,3.2,2.5,62060
"Rock splitters, quarry",1,1,2,3.2,4.4,0.4,47460
"Rolling machine setters, operators, and tenders, metal and plastic",2,1,3,22.5,-8.3,1.9,48630
"Roof bolters, mining",2,1,3,2.3,-34.2,0.1,76640
Roofers,1,1,3,166.7,5.9,12.7,50970
"Rotary drill operators, oil and gas",1,2,3,13.3,0.2,1.2,65010
"Roustabouts, oil and gas",1,1,3,46,2.5,4.3,47510
Sailors and marine oilers,1,1,3,32.1,2.3,3.9,49610
"Sales and related workers, all other",2,1,1,122.6,3.7,16,46370
Sales engineers,6,1,3,56.8,5.5,5,121520
Sales managers,6,2,1,619.5,4.7,49,138060
"Sales representatives of services, except advertising, insurance, financial services, and travel",2,1,3,1226.7,3.1,123,66260
"Sales representatives, wholesale and manufacturing, except technical and scientific products",2,1,3,1310.5,0.3,114.8,66780
"Sales representatives, wholesale and manufacturing, technical and scientific products",6,1,3,303.2,1.9,27.2,100070
"Sawing machine setters, operators, and tenders, wood",2,1,3,45,-0.6,4.8,39950
School bus monitors,2,1,2,71.4,-2.7,12.6,34980
School psychologists,7,1,6,67.2,0.7,3.8,86930
"Secondary school teachers, except special and career/technical education",6,1,1,1094.5,-1.6,66.2,64580
"Secretaries and administrative assistants, except legal, medical, and executive",2,1,2,1944,-1.6,202.8,46290
"Securities, commodities, and financial services sales agents",6,1,3,514.5,3.3,38.1,78140
Security and fire alarm systems installers,2,1,3,85.9,10.4,9.4,59300
Security guards,2,1,2,1262.1,0.4,161,38370
Self-enrichment teachers,2,2,1,417.5,3.7,51.4,45590
Semiconductor processing technicians,2,1,3,31.9,10.9,3.9,51180
"Separating, filtering, clarifying, precipitating, and still machine setters, operators, and tenders",2,1,3,54.4,-4.3,5.4,49500
Septic tank servicers and sewer pipe cleaners,2,1,3,30.4,7.6,2.9,49140
"Service unit operators, oil and gas",1,2,3,45.2,0.4,4.1,57980
Set and exhibit designers,6,1,1,31.3,2.3,2.5,66280
"Sewers, hand",1,1,3,5.4,-7,0.7,33760
Sewing machine operators,1,1,2,124,-10.8,13,36000
Shampooers,1,1,2,18.5,5.5,2.7,31470
Sheet metal workers,2,1,5,127,2.4,10.6,60850
Ship engineers,4,2,1,8.8,1.6,1.1,101320
"Shipping, receiving, and inventory clerks",2,1,2,862.2,-7.7,69.3,43190
Shoe and leather workers and repairers,2,1,3,9.5,-3.8,0.9,35950
Shoe machine operators and tenders,2,1,2,4.1,-3.7,0.4,38160
Shuttle drivers and chauffeurs,1,1,2,243.9,6.7,36.3,36670
Signal and track switch repairers,2,1,3,8.7,1.7,0.8,83600
Skincare specialists,4,1,1,97.4,6.7,14.5,41560
Slaughterers and meat packers,1,1,2,69.6,2.2,8.4,39790
Social and community service managers,6,2,1,219.8,6.4,18.6,78240
Social and human service assistants,2,1,2,449.6,6.4,50.6,45120
Social science research assistants,6,1,1,40.6,4.4,5.2,58040
"Social sciences teachers, postsecondary, all other",8,1,1,20.7,1.7,1.5,75040
"Social scientists and related workers, all other",6,1,1,40.8,-1.7,3.2,100340
"Social work teachers, postsecondary",8,1,1,17.1,2.3,1.3,76210
"Social workers, all other",6,1,1,81,3.9,7,69480
Sociologists,7,1,1,3.4,3.6,0.3,101690
"Sociology teachers, postsecondary",8,1,1,15.4,2.1,1.1,82540
Software developers,6,1,1,1693.8,15.8,115.2,133080
Software quality assurance analysts and testers,6,1,1,201.7,10,14,102610
Soil and plant scientists,6,1,1,20.7,5.4,1.7,71410
Solar photovoltaic installers,2,1,3,28.6,42.1,4.1,51860
Sound engineering technicians,4,1,2,16.9,-1.7,1.2,66430
"Special education teachers, all other",6,1,1,41,1.1,2.9,67430
"Special education teachers, kindergarten and elementary school",6,1,1,230.2,-1.8,15.4,63000
"Special education teachers, middle school",6,1,1,94.8,-1.9,6.3,64880
"Special education teachers, preschool",6,1,1,29.3,1.4,2.1,62190
"Special education teachers, secondary school",6,1,1,164.2,-1.6,11.1,69590
Special effects artists and animators,6,1,1,57.1,1.6,5,99800
Speech-language pathologists,7,1,6,187.4,15,13.3,95410
Stationary engineers and boiler operators,2,1,4,33.3,2.2,3.8,75190
Statistical assistants,6,1,1,6.5,-2.5,0.8,51440
Statisticians,7,1,1,32.2,8.5,2,103300
Stockers and order fillers,1,1,2,2764.8,8.5,472.3,37090
Stonemasons,2,1,5,12.1,-3,0.8,51990
Structural iron and steel workers,2,1,5,65.7,4.4,5.5,62700
Structural metal fabricators and fitters,2,1,3,53.8,-16.3,4.1,49900
"Substance abuse, behavioral disorder, and mental health counselors",7,1,6,483.5,16.8,48.3,59190
"Substitute teachers, short-term",6,1,1,510.1,1.6,61.1,38470
Subway and streetcar operators,2,1,3,9.6,3.4,0.9,84830
"Surgeons, all other",8,1,6,25.1,3.9,0.6,239200
Surgical assistants,4,1,1,25.3,5.1,1.6,60290
Surgical technologists,4,1,1,115.6,4.5,7,62830
Survey researchers,7,1,1,8.8,-5.2,0.7,63380
Surveying and mapping technicians,2,1,3,59.4,4.5,7.6,51940
Surveyors,6,1,6,56.1,4.4,3.9,72740
"Switchboard operators, including answering service",2,1,2,36.6,-26.3,2.8,38370
"Tailors, dressmakers, and custom sewers",1,1,3,38.8,-4.5,5,40860
"Tank car, truck, and ship loaders",1,1,2,12,4.3,1.3,58070
Tapers,1,1,3,15.6,0.1,1.1,64700
"Tax examiners and collectors, and revenue agents",6,1,3,57.6,-1.8,4.3,59740
Tax preparers,2,1,3,90.6,4.5,10.4,50560
Taxi drivers,1,1,2,204,11.1,22.6,36220
"Teachers and instructors, all other",6,1,1,153.8,-0.1,18,64690
"Teaching assistants, except postsecondary",3,1,1,1422.8,-1.5,170.4,35240
"Teaching assistants, postsecondary",6,1,1,193.6,3.1,24.6,44930
Technical writers,6,2,2,56.4,0.9,4.5,91670
"Telecommunications equipment installers and repairers, except line installers",4,1,3,156.9,-4.2,13.2,62630
Telecommunications line installers and repairers,2,1,4,99.9,-3.1,8.9,70500
Telemarketers,1,1,2,67.4,-22.1,6.5,34410
Telephone operators,2,1,2,4,-27.5,0.3,39130
Tellers,2,1,2,347.4,-12.9,29.8,39340
Terrazzo workers and finishers,2,1,5,1.5,-11.1,0.1,57260
Textile bleaching and dyeing machine operators and tenders,2,1,2,6.2,-10.1,0.7,37320
"Textile cutting machine setters, operators, and tenders",2,1,3,9.3,-11.7,1,37940
"Textile knitting and weaving machine setters, operators, and tenders",2,1,2,15.3,-11.2,1.7,38260
"Textile winding, twisting, and drawing out machine setters, operators, and tenders",2,1,3,21.7,-9,2.5,37660
"Textile, apparel, and furnishings workers, all other",2,1,2,14.7,-9.4,1.7,37010
"Therapists, all other",6,1,1,56.1,11.5,4.1,65010
Tile and stone setters,1,1,4,52.6,10.1,4.2,52240
Timing device assemblers and adjusters,2,1,3,0.2,-17.5,0,40790
Tire builders,2,1,3,20.9,2.3,2.5,55580
Tire repairers and changers,2,1,2,113.4,5.7,15.3,37120
"Title examiners, abstractors, and searchers",2,1,3,57.4,2,5.4,54980
Tool and die makers,4,1,4,55.2,-10.8,4.7,63180
"Tool grinders, filers, and sharpeners",2,1,3,5.8,-7.8,0.5,48970
Tour and travel guides,2,1,3,55.8,8.1,13,36660
Traffic technicians,2,1,3,7.9,3.7,0.8,58480
Training and development managers,6,3,1,46.4,5.8,3.8,127090
Training and development specialists,6,2,1,452.3,10.8,43.9,65850
Transit and railroad police,2,1,3,3.1,3,0.2,82320
Transportation inspectors,2,1,3,25.7,1.7,2.5,85750
Transportation security screeners,2,1,2,50.1,-6,4.7,63360
"Transportation workers, all other",2,1,2,11.5,3.8,1.2,39630
"Transportation, storage, and distribution managers",2,3,1,216.7,6.1,18.5,102010
Travel agents,2,1,3,65.7,2.2,7.1,48450
Tree trimmers and pruners,2,1,2,60.1,3.3,7.4,50430
Tutors,3,1,1,215.5,0.6,37.1,40090
"Umpires, referees, and other sports officials",2,1,3,19.3,5.7,4.6,38820
"Underground mining machine operators, all other",1,1,3,3.6,-6.1,0.4,67220
Upholsterers,2,1,3,22.7,-1.8,2.2,46190
Urban and regional planners,7,1,1,44.7,3.4,3.4,83720
"Ushers, lobby attendants, and ticket takers",1,1,2,121.7,1.2,30.8,31150
Veterinarians,8,1,1,86.4,9.6,3,125510
Veterinary assistants and laboratory animal caretakers,2,1,2,117.8,8.7,22.2,37320
Veterinary technologists and technicians,5,1,1,134.2,9.1,14.3,45980
Waiters and waitresses,1,1,2,2329.7,-0.7,456.7,33760
Watch and clock repairers,2,1,4,1.4,-1.1,0.1,60690
Water and wastewater treatment plant and system operators,2,1,4,132.4,-6.5,10.7,58260
Web and digital interface designers,6,1,1,128.9,7,9.1,98090
Web developers,6,1,1,86,7.5,5.4,90930
"Weighers, measurers, checkers, and samplers, recordkeeping",2,1,2,49.8,-4.8,5.3,45650
"Welders, cutters, solderers, and brazers",2,1,3,457.3,2.2,45.6,51000
"Welding, soldering, and brazing machine setters, operators, and tenders",2,1,3,38.9,-9,3.2,47060
Wellhead pumpers,2,2,3,18.8,-4.7,2,70010
Wind turbine service technicians,4,1,4,13.6,49.9,2.3,62580
"Woodworkers, all other",2,1,3,17.6,-4.4,1.8,41220
"Woodworking machine setters, operators, and tenders, except sawing",2,1,3,63.1,-1.8,6.4,40440
Word processors and typists,2,1,2,40,-36.1,2.2,47850
Writers and authors,6,1,4,135.4,3.6,13.4,72270
Zoologists and wildlife biologists,6,1,1,18.2,1.6,1.4,72860
